Numéro Ligne;Code du département;Libellé du département;Code de la circonscription législative;Libellé de la circonscription législative;Nom de l'élu;Prénom de l'élu;Code sexe;Date de naissance;Code de la catégorie socio-professionnelle;Libellé de la catégorie socio-professionnelle;Date de début du mandat
1;1;Ain;0101;1Ère Circonscription;BRETON;Xavier;M;1962/11/25;33;Cadre de la fonction publique;2024/07/08
2;1;Ain;0101;1Ère Circonscription;FERRARI;Marina;F;1973/10/10;74;Ancien cadre;2025/01/24
3;1;Ain;0101;1Ère Circonscription;KASBARIAN;Guillaume;M;1987/02/28;37;Cadre administratif et commercial d'entreprise;2025/01/24
4;1;Ain;0102;2Ème Circonscription;DAUBIÉ;Romain;M;1980/05/05;31;Profession libérale;2024/07/08
5;1;Ain;0103;3Ème Circonscription;GIVERNET;Olga;F;1981/10/17;38;Ingénieur et cadre technique d'entreprise;2025/01/24
6;1;Ain;0104;4Ème Circonscription;BUISSON;Jérôme;M;1973/01/15;34;Professeur,profession scientifique;2024/07/08
7;1;Ain;0105;5Ème Circonscription;CHAVENT;Marc;M;1968/06/28;33;Cadre de la fonction publique;2024/07/08
8;2;Aisne;0201;1Ère Circonscription;DRAGON;Nicolas;M;1977/04/19;31;Profession libérale;2024/07/01
9;2;Aisne;0202;2Ème Circonscription;DIVE;Julien;M;1985/05/21;74;Ancien cadre;2024/07/08
10;2;Aisne;0203;3Ème Circonscription;CASTERMAN;Eddy;M;1996/07/28;37;Cadre administratif et commercial d'entreprise;2024/07/01
11;2;Aisne;0204;4Ème Circonscription;BEAURAIN;José;M;1971/07/27;21;Artisan;2024/07/01
12;2;Aisne;0205;5Ème Circonscription;DESSIGNY;Jocelyn;M;1981/06/29;37;Cadre administratif et commercial d'entreprise;2024/07/01
13;3;Allier;0301;1Ère Circonscription;MONNET;Yannick;M;1975/10/07;33;Cadre de la fonction publique;2024/07/08
14;3;Allier;0302;2Ème Circonscription;BOVET;Jorys;M;1993/03/30;77;Ancien employé;2024/07/08
15;3;Allier;0303;3Ème Circonscription;RAY;Nicolas;M;1981/05/14;33;Cadre de la fonction publique;2024/07/08
16;4;Alpes-De-Haute-Provence;0401;1Ère Circonscription;GIRARD;Christian;M;1952/05/07;74;Ancien cadre;2024/07/08
17;4;Alpes-De-Haute-Provence;0402;2Ème Circonscription;VAGINAY;Sophie;F;1969/12/18;37;Cadre administratif et commercial d'entreprise;2024/07/08
18;5;Hautes-Alpes;0501;1Ère Circonscription;ALLEMAND;Marie-José;F;1970/01/27;12;Agriculteur sur moyenne exploitation;2024/07/08
19;5;Hautes-Alpes;0502;2Ème Circonscription;ROSSI;Valérie;F;1964/06/05;37;Cadre administratif et commercial d'entreprise;2024/07/08
20;6;Alpes-Maritimes;0601;1Ère Circonscription;CIOTTI;Eric;M;1965/09/28;33;Cadre de la fonction publique;2024/07/08
21;6;Alpes-Maritimes;0602;2Ème Circonscription;TIVOLI;Lionel;M;1988/02/29;23;Chef d'entreprise de 10 salariés ou plus;2024/07/08
22;6;Alpes-Maritimes;0603;3Ème Circonscription;CHAIX;Bernard;M;1965/01/06;22;Commerçant et assimilé;2024/07/08
23;6;Alpes-Maritimes;0604;4Ème Circonscription;MASSON;Alexandra;F;1971/07/02;31;Profession libérale;2024/07/01
24;6;Alpes-Maritimes;0605;5Ème Circonscription;D'INTORNI;Christelle;F;1985/05/02;31;Profession libérale;2024/07/01
25;6;Alpes-Maritimes;0606;6Ème Circonscription;MASSON;Bryan;M;1996/12/21;45;Profession intermédiaire administrative de la fonction publique;2024/07/01
26;6;Alpes-Maritimes;0607;7Ème Circonscription;PAUGET;Eric;M;1970/08/18;22;Commerçant et assimilé;2024/07/08
27;6;Alpes-Maritimes;0608;8Ème Circonscription;MARTIN;Alexandra;F;1968/10/25;85;Personne diverse sans activité professionnelle de moins de 60 ans (sauf retraité);2024/07/08
28;6;Alpes-Maritimes;0609;9Ème Circonscription;TABAROT;Michèle;F;1962/10/13;23;Chef d'entreprise de 10 salariés ou plus;2024/07/08
29;7;Ardèche;0701;1Ère Circonscription;SAULIGNAC;Hervé;M;1970/11/06;33;Cadre de la fonction publique;2024/07/08
30;7;Ardèche;0702;2Ème Circonscription;TREBUCHET;Vincent;M;1988/07/05;37;Cadre administratif et commercial d'entreprise;2024/07/08
31;7;Ardèche;0703;3Ème Circonscription;BRUN;Fabrice;M;1968/04/02;22;Commerçant et assimilé;2024/07/08
32;8;Ardennes;0801;1Ère Circonscription;VUIBERT;Lionel;M;1968/08/31;23;Chef d'entreprise de 10 salariés ou plus;2024/12/09
33;8;Ardennes;0802;2Ème Circonscription;CORDIER;Pierre;M;1972/05/27;33;Cadre de la fonction publique;2024/07/08
34;8;Ardennes;0803;3Ème Circonscription;WARSMANN;Jean-Luc;M;1965/10/22;37;Cadre administratif et commercial d'entreprise;2024/07/08
35;9;Ariège;0901;1Ère Circonscription;FROGER;Martine;F;1961/06/11;23;Chef d'entreprise de 10 salariés ou plus;2024/07/01
36;9;Ariège;0902;2Ème Circonscription;PANIFOUS;Laurent;M;1976/12/21;33;Cadre de la fonction publique;2024/07/08
37;10;Aube;1001;1Ère Circonscription;GUITTON;Jordan;M;1995/01/30;33;Cadre de la fonction publique;2024/07/01
38;10;Aube;1002;2Ème Circonscription;BAZIN-MALGRAS;Valérie;F;1969/10/31;33;Cadre de la fonction publique;2024/07/08
39;10;Aube;1003;3Ème Circonscription;RANC;Angélique;F;1988/03/16;33;Cadre de la fonction publique;2024/07/08
40;11;Aude;1101;1Ère Circonscription;BARTHÈS;Christophe;M;1966/10/12;12;Agriculteur sur moyenne exploitation;2024/07/08
41;11;Aude;1102;2Ème Circonscription;FALCON;Frédéric;M;1985/11/23;22;Commerçant et assimilé;2024/07/08
42;11;Aude;1103;3Ème Circonscription;RANCOULE;Julien;M;1993/07/31;31;Profession libérale;2024/07/08
43;12;Aveyron;1201;1Ère Circonscription;MAZARS;Stéphane;M;1969/03/25;31;Profession libérale;2024/07/08
44;12;Aveyron;1202;2Ème Circonscription;ALEXANDRE;Laurent;M;1973/06/09;62;Ouvrier qualifié de type industriel;2024/07/08
45;12;Aveyron;1203;3Ème Circonscription;ROUSSET;Jean-François;M;1952/09/09;72;Ancien artisan,commerçant,chef d'entreprise;2024/07/08
46;13;Bouches-Du-Rhône;1301;1Ère Circonscription;GRISETI;Monique;F;1960/07/23;22;Commerçant et assimilé;2024/07/08
47;13;Bouches-Du-Rhône;1302;2Ème Circonscription;LHARDIT;Laurent;M;1963/04/20;37;Cadre administratif et commercial d'entreprise;2024/07/08
48;13;Bouches-Du-Rhône;1303;3Ème Circonscription;LELOUIS;Gisèle;F;1952/03/10;77;Ancien employé;2024/07/08
49;13;Bouches-Du-Rhône;1304;4Ème Circonscription;BOMPARD;Manuel;M;1986/03/30;38;Ingénieur et cadre technique d'entreprise;2024/07/01
50;13;Bouches-Du-Rhône;1305;5Ème Circonscription;DAVI;Hendrik;M;1977/12/21;34;Professeur,profession scientifique;2024/07/08
51;13;Bouches-Du-Rhône;1306;6Ème Circonscription;FAYSSAT;Olivier;M;1968/03/24;55;Employé de commerce;2024/07/08
52;13;Bouches-Du-Rhône;1307;7Ème Circonscription;DELOGU;Sébastien;M;1987/06/08;85;Personne diverse sans activité professionnelle de moins de 60 ans (sauf retraité);2024/07/01
53;13;Bouches-Du-Rhône;1308;8Ème Circonscription;TONUSSI;Romain;M;1996/04/09;45;Profession intermédiaire administrative de la fonction publique;2024/07/08
54;13;Bouches-Du-Rhône;1309;9Ème Circonscription;MÉLIN;Joëlle;F;1950/03/26;31;Profession libérale;2024/07/08
55;13;Bouches-Du-Rhône;1310;10Ème Circonscription;GONZALEZ;José;M;1943/04/28;77;Ancien employé;2024/07/08
56;13;Bouches-Du-Rhône;1311;11Ème Circonscription;PENA;Marc;M;1960/05/07;34;Professeur,profession scientifique;2024/07/08
57;13;Bouches-Du-Rhône;1312;12Ème Circonscription;ALLISIO;Franck;M;1980/08/04;31;Profession libérale;2024/07/01
58;13;Bouches-Du-Rhône;1313;13Ème Circonscription;FOUQUART;Emmanuel;M;1966/07/30;86;Personne diverse sans activité professionnelle de 60 ans et plus (sauf retraité);2024/07/08
59;13;Bouches-Du-Rhône;1314;14Ème Circonscription;VERNY;Gérault;M;1984/12/23;23;Chef d'entreprise de 10 salariés ou plus;2024/07/08
60;13;Bouches-Du-Rhône;1315;15Ème Circonscription;BAUBRY;Romain;M;1989/01/28;53;Policier et militaire;2024/07/08
61;13;Bouches-Du-Rhône;1316;16Ème Circonscription;TACHE DE LA PAGERIE;Emmanuel;M;1975/02/20;85;Personne diverse sans activité professionnelle de moins de 60 ans (sauf retraité);2024/07/08
62;14;Calvados;1401;1Ère Circonscription;BRUNEAU;Joël;M;1963/09/07;31;Profession libérale;2024/07/08
63;14;Calvados;1402;2Ème Circonscription;DELAPORTE;Arthur;M;1991/10/07;34;Professeur,profession scientifique;2024/07/08
64;14;Calvados;1403;3Ème Circonscription;PATRIER-LEITUS;Jérémie;M;1989/03/07;33;Cadre de la fonction publique;2024/07/08
65;14;Calvados;1404;4Ème Circonscription;BLANCHET;Christophe;M;1973/04/09;22;Commerçant et assimilé;2024/07/08
66;14;Calvados;1405;5Ème Circonscription;BOUYX;Bertrand;M;1970/05/26;31;Profession libérale;2024/07/08
67;14;Calvados;1406;6Ème Circonscription;SERTIN;Freddy;M;1980/02/07;47;Technicien;2025/01/24
68;15;Cantal;1501;1Ère Circonscription;DESCOEUR;Vincent;M;1962/12/13;34;Professeur,profession scientifique;2024/07/08
69;15;Cantal;1502;2Ème Circonscription;BONY;Jean Yves;M;1955/03/11;12;Agriculteur sur moyenne exploitation;2024/07/08
70;16;Charente;1601;1Ère Circonscription;PILATO;René;M;1962/08/31;34;Professeur,profession scientifique;2024/07/08
71;16;Charente;1602;2Ème Circonscription;MARSAUD;Sandra;F;1974/01/02;74;Ancien cadre;2024/07/08
72;16;Charente;1603;3Ème Circonscription;COLOMBIER;Caroline;F;1957/08/22;74;Ancien cadre;2024/07/08
73;17;Charente-Maritime;1701;1Ère Circonscription;FALORNI;Olivier;M;1972/03/27;34;Professeur,profession scientifique;2024/07/08
74;17;Charente-Maritime;1702;2Ème Circonscription;BITEAU;Benoît;M;1967/04/07;12;Agriculteur sur moyenne exploitation;2024/07/08
75;17;Charente-Maritime;1703;3Ème Circonscription;BARUSSEAU;Fabrice;M;1970/06/01;34;Professeur,profession scientifique;2024/07/08
76;17;Charente-Maritime;1704;4Ème Circonscription;MARKOWSKY;Pascal;M;1954/07/22;72;Ancien artisan,commerçant,chef d'entreprise;2024/07/08
77;17;Charente-Maritime;1705;5Ème Circonscription;PLASSARD;Christophe;M;1967/11/19;37;Cadre administratif et commercial d'entreprise;2024/07/08
78;18;Cher;1801;1Ère Circonscription;CORMIER-BOULIGEON;François;M;1972/11/19;33;Cadre de la fonction publique;2024/07/08
79;18;Cher;1802;2Ème Circonscription;SANSU;Nicolas;M;1968/06/17;85;Personne diverse sans activité professionnelle de moins de 60 ans (sauf retraité);2024/07/08
80;18;Cher;1803;3Ème Circonscription;KERVRAN;Loïc;M;1984/02/11;33;Cadre de la fonction publique;2024/07/08
81;19;Corrèze;1901;1Ère Circonscription;HOLLANDE;François;M;1954/08/12;74;Ancien cadre;2024/07/08
82;19;Corrèze;1902;2Ème Circonscription;MEUNIER;Frédérique;F;1960/12/08;31;Profession libérale;2024/07/08
83;21;Côte-D'Or;2101;1Ère Circonscription;GODARD;Océane;F;1982/11/22;37;Cadre administratif et commercial d'entreprise;2024/07/08
84;21;Côte-D'Or;2102;2Ème Circonscription;HERVIEU;Catherine;F;1958/05/09;77;Ancien employé;2024/07/08
85;21;Côte-D'Or;2103;3Ème Circonscription;PRIBETICH;Pierre;M;1956/12/28;34;Professeur,profession scientifique;2024/07/08
86;21;Côte-D'Or;2104;4Ème Circonscription;BRIGAND;Hubert;M;1952/07/28;74;Ancien cadre;2024/07/08
87;21;Côte-D'Or;2105;5Ème Circonscription;LIORET;René;M;1952/01/13;74;Ancien cadre;2024/07/08
88;22;Côtes-D'Armor;2201;1Ère Circonscription;COSSON;Mickaël;M;1975/11/29;37;Cadre administratif et commercial d'entreprise;2024/07/08
89;22;Côtes-D'Armor;2202;2Ème Circonscription;BERVILLE;Hervé;M;1990/01/15;33;Cadre de la fonction publique;2024/07/08
90;22;Côtes-D'Armor;2203;3Ème Circonscription;LE FUR;Corentin;M;1989/12/13;37;Cadre administratif et commercial d'entreprise;2024/07/08
91;22;Côtes-D'Armor;2204;4Ème Circonscription;LEPVRAUD;Murielle;F;1974/07/15;54;Employé administratif d'entreprise;2024/07/08
92;22;Côtes-D'Armor;2205;5Ème Circonscription;BOTHOREL;Eric;M;1966/10/20;38;Ingénieur et cadre technique d'entreprise;2024/07/08
93;23;Creuse;2301;1Ère Circonscription;LENOIR;Bartolomé;M;1991/09/04;37;Cadre administratif et commercial d'entreprise;2024/07/08
94;24;Dordogne;2401;1Ère Circonscription;LECHON;Nadine;F;1963/04/16;12;Agriculteur sur moyenne exploitation;2024/07/08
95;24;Dordogne;2402;2Ème Circonscription;MULLER;Serge;M;1976/02/26;43;Profession intermédiaire de la santé et du travail social;2024/07/08
96;24;Dordogne;2403;3Ème Circonscription;JOUBERT;Florence;F;1965/06/30;33;Cadre de la fonction publique;2024/07/08
97;24;Dordogne;2404;4Ème Circonscription;PEYTAVIE;Sébastien;M;1982/04/17;43;Profession intermédiaire de la santé et du travail social;2024/07/08
98;25;Doubs;2501;1Ère Circonscription;CROIZIER;Laurent;M;1975/01/29;42;Professeur des écoles,instituteur et assimilé;2024/07/08
99;25;Doubs;2502;2Ème Circonscription;VOYNET;Dominique;F;1958/11/04;33;Cadre de la fonction publique;2024/07/08
100;25;Doubs;2503;3Ème Circonscription;BLOCH;Matthieu;M;1983/04/26;37;Cadre administratif et commercial d'entreprise;2024/07/08
101;25;Doubs;2504;4Ème Circonscription;GRANGIER;Géraldine;F;1975/02/13;33;Cadre de la fonction publique;2024/07/08
102;25;Doubs;2505;5Ème Circonscription;LIEGEON;Eric;M;1961/01/24;12;Agriculteur sur moyenne exploitation;2024/10/22
103;26;Drôme;2601;1Ère Circonscription;CHRISTOPHLE;Paul;M;1987/02/03;37;Cadre administratif et commercial d'entreprise;2024/07/08
104;26;Drôme;2602;2Ème Circonscription;POLLET;Lisette;F;1968/01/04;62;Ouvrier qualifié de type industriel;2024/07/08
105;26;Drôme;2603;3Ème Circonscription;POCHON;Marie;F;1990/05/04;85;Personne diverse sans activité professionnelle de moins de 60 ans (sauf retraité);2024/07/08
106;26;Drôme;2604;4Ème Circonscription;MONNIER;Thibaut;M;1987/02/24;37;Cadre administratif et commercial d'entreprise;2024/07/08
107;27;Eure;2701;1Ère Circonscription;LOIR;Christine;F;1977/02/22;43;Profession intermédiaire de la santé et du travail social;2024/07/08
108;27;Eure;2702;2Ème Circonscription;LEVAVASSEUR;Katiana;F;1970/12/09;52;Employé civil et agent de service de la fonction publique;2024/07/08
109;27;Eure;2703;3Ème Circonscription;MAUVIEUX;Kévin;M;1991/09/09;85;Personne diverse sans activité professionnelle de moins de 60 ans (sauf retraité);2024/07/08
110;27;Eure;2704;4Ème Circonscription;BRUN;Philippe;M;1991/10/16;33;Cadre de la fonction publique;2024/07/08
111;27;Eure;2705;5Ème Circonscription;HOUSSIN;Timothée;M;1988/07/29;37;Cadre administratif et commercial d'entreprise;2024/07/08
112;28;Eure-Et-Loir;2802;2Ème Circonscription;MARLEIX;Olivier;M;1971/02/06;33;Cadre de la fonction publique;2024/07/08
113;28;Eure-Et-Loir;2803;3Ème Circonscription;HUWART;Harold;M;1982/01/03;33;Cadre de la fonction publique;2024/07/08
114;28;Eure-Et-Loir;2804;4Ème Circonscription;VIGIER;Philippe;M;1958/02/03;31;Profession libérale;2024/07/08
115;29;Finistère;2901;1Ère Circonscription;LE MEUR;Annaïg;F;1973/04/29;31;Profession libérale;2024/07/08
116;29;Finistère;2902;2Ème Circonscription;CADALEN;Pierre-Yves;M;1992/07/09;34;Professeur,profession scientifique;2024/07/08
117;29;Finistère;2903;3Ème Circonscription;LE GAC;Didier;M;1965/07/19;46;Profession intermédiaire administrative et commerciale des entreprises;2024/07/08
118;29;Finistère;2904;4Ème Circonscription;LE FEUR;Sandrine;F;1991/03/18;12;Agriculteur sur moyenne exploitation;2024/07/08
119;29;Finistère;2905;5Ème Circonscription;MELCHIOR;Graziella;F;1960/04/06;34;Professeur,profession scientifique;2024/07/08
120;29;Finistère;2906;6Ème Circonscription;THOMIN;Mélanie;F;1984/06/04;34;Professeur,profession scientifique;2024/07/08
121;29;Finistère;2907;7Ème Circonscription;TANGUY;Liliana;F;1967/03/12;33;Cadre de la fonction publique;2024/07/08
122;29;Finistère;2908;8Ème Circonscription;BALANANT;Erwan;M;1971/02/21;35;Profession de l'information,des arts et des spectacles;2024/07/08
123;2A;Corse-Du-Sud;2A01;1Ère Circonscription;LACOMBE;Xavier;M;1965/06/08;42;Professeur des écoles,instituteur et assimilé;2025/01/24
124;2A;Corse-Du-Sud;2A02;2Ème Circonscription;COLOMBANI;Paul-André;M;1967/08/17;31;Profession libérale;2024/07/08
125;2B;Haute-Corse;2B01;1Ère Circonscription;CASTELLANI;Michel;M;1945/09/28;34;Professeur,profession scientifique;2024/07/08
126;2B;Haute-Corse;2B02;2Ème Circonscription;CECCOLI;François-Xavier;M;1968/10/27;23;Chef d'entreprise de 10 salariés ou plus;2024/07/08
127;30;Gard;3001;1Ère Circonscription;GILLET;Yoann;M;1986/08/29;33;Cadre de la fonction publique;2024/07/08
128;30;Gard;3002;2Ème Circonscription;MEIZONNET;Nicolas;M;1983/12/22;85;Personne diverse sans activité professionnelle de moins de 60 ans (sauf retraité);2024/07/01
129;30;Gard;3003;3Ème Circonscription;BORDES;Pascale;F;1961/10/15;31;Profession libérale;2024/07/08
130;30;Gard;3004;4Ème Circonscription;MEURIN;Pierre;M;1989/11/30;37;Cadre administratif et commercial d'entreprise;2024/07/08
131;30;Gard;3005;5Ème Circonscription;ALLEGRET-PILOT;Alexandre;M;1989/01/11;33;Cadre de la fonction publique;2024/07/08
132;30;Gard;3006;6Ème Circonscription;JOSSERAND;Sylvie;F;1968/08/23;31;Profession libérale;2024/07/08
133;31;Haute-Garonne;3101;1Ère Circonscription;CLOUET;Hadrien;M;1991/07/13;34;Professeur,profession scientifique;2024/07/08
134;31;Haute-Garonne;3102;2Ème Circonscription;STAMBACH-TERRENOIR;Anne;F;1980/06/23;35;Profession de l'information,des arts et des spectacles;2024/07/08
135;31;Haute-Garonne;3103;3Ème Circonscription;VIGNON;Corinne;F;1963/06/10;37;Cadre administratif et commercial d'entreprise;2024/07/08
136;31;Haute-Garonne;3104;4Ème Circonscription;PIQUEMAL;François;M;1984/12/28;34;Professeur,profession scientifique;2024/07/01
137;31;Haute-Garonne;3105;5Ème Circonscription;PORTARRIEU;Jean-François;M;1965/10/14;35;Profession de l'information,des arts et des spectacles;2024/07/08
138;31;Haute-Garonne;3106;6Ème Circonscription;SIMION;Arnaud;M;1968/05/19;33;Cadre de la fonction publique;2024/07/08
139;31;Haute-Garonne;3107;7Ème Circonscription;BEX;Christophe;M;1961/11/14;74;Ancien cadre;2024/07/08
140;31;Haute-Garonne;3108;8Ème Circonscription;AVIRAGNET;Joël;M;1956/06/16;43;Profession intermédiaire de la santé et du travail social;2024/07/08
141;31;Haute-Garonne;3109;9Ème Circonscription;ARRIGHI;Christine;F;1959/09/19;74;Ancien cadre;2024/07/08
142;31;Haute-Garonne;3110;10Ème Circonscription;OBERTI;Jacques;M;1960/11/26;38;Ingénieur et cadre technique d'entreprise;2024/07/08
143;32;Gers;3201;1Ère Circonscription;CAZENEUVE;Jean-René;M;1958/06/09;74;Ancien cadre;2024/07/08
144;32;Gers;3202;2Ème Circonscription;TAUPIAC;David;M;1975/05/13;38;Ingénieur et cadre technique d'entreprise;2024/07/08
145;33;Gironde;3301;1Ère Circonscription;CAZENAVE;Thomas;M;1978/03/06;33;Cadre de la fonction publique;2024/07/08
146;33;Gironde;3302;2Ème Circonscription;THIERRY;Nicolas;M;1975/12/08;31;Profession libérale;2024/07/08
147;33;Gironde;3303;3Ème Circonscription;PRUD'HOMME;Loïc;M;1969/08/19;47;Technicien;2024/07/08
148;33;Gironde;3304;4Ème Circonscription;DAVID;Alain;M;1949/06/02;74;Ancien cadre;2024/07/08
149;33;Gironde;3305;5Ème Circonscription;GOT;Pascale;F;1961/04/01;74;Ancien cadre;2024/07/08
150;33;Gironde;3306;6Ème Circonscription;RECALDE;Marie;F;1965/03/12;31;Profession libérale;2024/07/08
151;33;Gironde;3307;7Ème Circonscription;SAINT-PASTEUR;Sébastien;M;1980/12/08;33;Cadre de la fonction publique;2024/07/08
152;33;Gironde;3308;8Ème Circonscription;PANONACLE;Sophie;F;1968/12/16;85;Personne diverse sans activité professionnelle de moins de 60 ans (sauf retraité);2024/07/08
153;33;Gironde;3309;9Ème Circonscription;METTE;Sophie;F;1959/09/13;86;Personne diverse sans activité professionnelle de 60 ans et plus (sauf retraité);2024/07/08
154;33;Gironde;3310;10Ème Circonscription;BOUDIÉ;Florent;M;1973/09/22;33;Cadre de la fonction publique;2024/07/08
155;33;Gironde;3311;11Ème Circonscription;DIAZ;Edwige;F;1987/10/15;37;Cadre administratif et commercial d'entreprise;2024/07/01
156;33;Gironde;3312;12Ème Circonscription;FELD;Mathilde;F;1969/04/28;33;Cadre de la fonction publique;2024/07/08
157;34;Hérault;3401;1Ère Circonscription;ROUMEGAS;Jean-Louis;M;1962/06/06;42;Professeur des écoles,instituteur et assimilé;2024/07/08
158;34;Hérault;3402;2Ème Circonscription;OZIOL;Nathalie;F;1990/02/18;34;Professeur,profession scientifique;2024/07/01
159;34;Hérault;3403;3Ème Circonscription;DOMBRE-COSTE;Fanny;F;1956/12/26;72;Ancien artisan,commerçant,chef d'entreprise;2024/07/08
160;34;Hérault;3404;4Ème Circonscription;BOUQUIN;Manon;F;1992/06/02;33;Cadre de la fonction publique;2024/07/08
161;34;Hérault;3405;5Ème Circonscription;GALZY;Stéphanie;F;1981/10/21;54;Employé administratif d'entreprise;2024/07/08
162;34;Hérault;3406;6Ème Circonscription;GABARRON;Julien;M;1981/03/11;37;Cadre administratif et commercial d'entreprise;2024/07/08
163;34;Hérault;3407;7Ème Circonscription;LOPEZ-LIGUORI;Aurélien;M;1993/05/17;33;Cadre de la fonction publique;2024/07/01
164;34;Hérault;3408;8Ème Circonscription;CARRIERE;Sylvain;M;1991/05/21;55;Employé de commerce;2024/07/08
165;34;Hérault;3409;9Ème Circonscription;ALLONCLE;Charles;M;1993/10/21;37;Cadre administratif et commercial d'entreprise;2024/07/08
166;35;Ille-Et-Vilaine;3501;1Ère Circonscription;MESMEUR;Marie;F;1994/08/12;43;Profession intermédiaire de la santé et du travail social;2024/07/08
167;35;Ille-Et-Vilaine;3502;2Ème Circonscription;LAHAIS;Tristan;M;1983/05/11;37;Cadre administratif et commercial d'entreprise;2024/07/08
168;35;Ille-Et-Vilaine;3503;3Ème Circonscription;ROUAUX;Claudia;F;1963/10/13;38;Ingénieur et cadre technique d'entreprise;2024/07/08
169;35;Ille-Et-Vilaine;3504;4Ème Circonscription;HIGNET;Mathilde;F;1993/06/10;69;Ouvrier agricole;2024/07/08
170;35;Ille-Et-Vilaine;3505;5Ème Circonscription;LE NABOUR;Christine;F;1964/10/28;56;Personnel des services directs aux particuliers;2024/07/08
171;35;Ille-Et-Vilaine;3506;6Ème Circonscription;BENOIT;Thierry;M;1966/09/13;22;Commerçant et assimilé;2024/07/08
172;35;Ille-Et-Vilaine;3507;7Ème Circonscription;BOURGEAUX;Jean-Luc;M;1963/04/10;11;Agriculteur sur petite exploitation;2024/07/08
173;35;Ille-Et-Vilaine;3508;8Ème Circonscription;BOULOUX;Mickaël;M;1972/08/16;38;Ingénieur et cadre technique d'entreprise;2024/07/01
174;36;Indre;3601;1Ère Circonscription;JOLIVET;François;M;1966/03/21;74;Ancien cadre;2024/07/08
175;36;Indre;3602;2Ème Circonscription;FORISSIER;Nicolas;M;1961/02/17;46;Profession intermédiaire administrative et commerciale des entreprises;2024/07/08
176;37;Indre-Et-Loire;3701;1Ère Circonscription;FOURNIER;Charles;M;1968/03/10;37;Cadre administratif et commercial d'entreprise;2024/07/08
177;37;Indre-Et-Loire;3702;2Ème Circonscription;LABARONNE;Daniel;M;1955/07/16;74;Ancien cadre;2024/07/08
178;37;Indre-Et-Loire;3703;3Ème Circonscription;ALFANDARI;Henri;M;1979/10/02;72;Ancien artisan,commerçant,chef d'entreprise;2024/07/08
179;37;Indre-Et-Loire;3704;4Ème Circonscription;BAUMEL;Laurent;M;1965/08/13;33;Cadre de la fonction publique;2024/07/08
180;37;Indre-Et-Loire;3705;5Ème Circonscription;THILLAYE;Sabine;F;1959/05/18;72;Ancien artisan,commerçant,chef d'entreprise;2024/07/08
181;38;Isère;3801;1Ère Circonscription;GALLIARD-MINIER;Camille;F;1975/05/26;31;Profession libérale;2025/01/20
182;38;Isère;3802;2Ème Circonscription;CHATELAIN;Cyrielle;F;1987/07/15;33;Cadre de la fonction publique;2024/07/08
183;38;Isère;3803;3Ème Circonscription;MARTIN;Élisa;F;1972/05/15;34;Professeur,profession scientifique;2024/07/08
184;38;Isère;3804;4Ème Circonscription;BATTISTEL;Marie-Noëlle;F;1956/08/20;74;Ancien cadre;2024/07/08
185;38;Isère;3805;5Ème Circonscription;IORDANOFF;Jérémie;M;1983/02/02;31;Profession libérale;2024/07/08
186;38;Isère;3806;6Ème Circonscription;JOLLY;Alexis;M;1990/12/22;22;Commerçant et assimilé;2024/07/08
187;38;Isère;3807;7Ème Circonscription;DEZARNAUD;Sylvie;F;1964/02/23;54;Employé administratif d'entreprise;2025/01/24
188;38;Isère;3808;8Ème Circonscription;MANSOURI;Hanane;F;2000/11/24;84;Elève,étudiant;2024/07/08
189;38;Isère;3809;9Ème Circonscription;NOSBÉ;Sandrine;F;1972/10/29;54;Employé administratif d'entreprise;2024/07/08
190;38;Isère;3810;10Ème Circonscription;PEREZ;Thierry;M;1966/11/19;33;Cadre de la fonction publique;2024/07/08
191;39;Jura;3901;1Ère Circonscription;BRULEBOIS;Danielle;F;1947/07/04;75;Ancienne profession intermédiaire;2024/07/08
192;39;Jura;3902;2Ème Circonscription;DALLOZ;Marie-Christine;F;1958/01/10;86;Personne diverse sans activité professionnelle de 60 ans et plus (sauf retraité);2025/04/07
193;39;Jura;3903;3Ème Circonscription;GRUET;Justine;F;1989/10/23;31;Profession libérale;2024/07/08
194;40;Landes;4001;1Ère Circonscription;DARRIEUSSECQ;Geneviève;F;1956/03/04;31;Profession libérale;2025/01/24
195;40;Landes;4002;2Ème Circonscription;CAUSSE;Lionel;M;1971/05/06;37;Cadre administratif et commercial d'entreprise;2024/07/08
196;40;Landes;4003;3Ème Circonscription;VALLAUD;Boris;M;1975/07/25;33;Cadre de la fonction publique;2024/07/08
197;41;Loir-Et-Cher;4101;1Ère Circonscription;FESNEAU;Marc;M;1971/01/11;33;Cadre de la fonction publique;2024/07/08
198;41;Loir-Et-Cher;4102;2Ème Circonscription;CHUDEAU;Roger;M;1949/09/28;74;Ancien cadre;2024/07/08
199;41;Loir-Et-Cher;4103;3Ème Circonscription;MARION;Christophe;M;1973/04/25;33;Cadre de la fonction publique;2024/07/08
200;42;Loire;4201;1Ère Circonscription;COURBON;Pierrick;M;1985/07/08;37;Cadre administratif et commercial d'entreprise;2024/07/08
201;42;Loire;4202;2Ème Circonscription;TAURINYA;Andrée;F;1963/06/03;34;Professeur,profession scientifique;2024/07/08
202;42;Loire;4203;3Ème Circonscription;MANDON;Emmanuel;M;1965/06/22;46;Profession intermédiaire administrative et commerciale des entreprises;2024/07/08
203;42;Loire;4204;4Ème Circonscription;BONNET;Sylvie;F;1969/12/21;74;Ancien cadre;2024/07/08
204;42;Loire;4205;5Ème Circonscription;VERMOREL-MARQUES;Antoine;M;1993/02/17;33;Cadre de la fonction publique;2024/07/08
205;42;Loire;4206;6Ème Circonscription;TAITE;Jean-Pierre;M;1962/03/14;72;Ancien artisan,commerçant,chef d'entreprise;2024/07/08
206;43;Haute-Loire;4301;1Ère Circonscription;WAUQUIEZ;Laurent;M;1975/04/12;33;Cadre de la fonction publique;2024/07/08
207;43;Haute-Loire;4302;2Ème Circonscription;VIGIER;Jean-Pierre;M;1969/10/22;33;Cadre de la fonction publique;2024/07/08
208;44;Loire-Atlantique;4401;1Ère Circonscription;BENBRAHIM;Karim;M;1980/04/13;38;Ingénieur et cadre technique d'entreprise;2024/07/08
209;44;Loire-Atlantique;4402;2Ème Circonscription;KERBRAT;Andy;M;1990/10/01;54;Employé administratif d'entreprise;2024/07/01
210;44;Loire-Atlantique;4403;3Ème Circonscription;AMIOT;Ségolène;F;1986/02/23;54;Employé administratif d'entreprise;2024/07/08
211;44;Loire-Atlantique;4404;4Ème Circonscription;LAERNOES;Julie;F;1982/07/03;74;Ancien cadre;2024/07/08
212;44;Loire-Atlantique;4405;5Ème Circonscription;ROUSSEL;Fabrice;M;1973/04/11;34;Professeur,profession scientifique;2024/07/08
213;44;Loire-Atlantique;4406;6Ème Circonscription;RAUX;Jean-Claude;M;1967/01/18;34;Professeur,profession scientifique;2024/07/08
214;44;Loire-Atlantique;4407;7Ème Circonscription;JOSSO;Sandrine;F;1975/09/19;31;Profession libérale;2024/07/08
215;44;Loire-Atlantique;4408;8Ème Circonscription;TAVEL;Matthias;M;1987/07/06;33;Cadre de la fonction publique;2024/07/08
216;44;Loire-Atlantique;4409;9Ème Circonscription;BRARD;Jean-Michel;M;1968/04/03;22;Commerçant et assimilé;2024/07/08
217;44;Loire-Atlantique;4410;10Ème Circonscription;ERRANTE;Sophie;F;1971/07/22;23;Chef d'entreprise de 10 salariés ou plus;2024/07/08
218;45;Loiret;4501;1Ère Circonscription;RIST;Stéphanie;F;1973/08/06;34;Professeur,profession scientifique;2024/07/08
219;45;Loiret;4502;2Ème Circonscription;DUPLESSY;Emmanuel;M;1990/01/02;33;Cadre de la fonction publique;2024/07/08
220;45;Loiret;4503;3Ème Circonscription;DE PÉLICHY;Constance;F;1986/04/01;85;Personne diverse sans activité professionnelle de moins de 60 ans (sauf retraité);2024/07/08
221;45;Loiret;4504;4Ème Circonscription;MÉNAGÉ;Thomas;M;1992/01/06;37;Cadre administratif et commercial d'entreprise;2024/07/08
222;45;Loiret;4505;5Ème Circonscription;BROSSE;Anthony;M;1980/11/04;43;Profession intermédiaire de la santé et du travail social;2024/07/08
223;45;Loiret;4506;6Ème Circonscription;RAMOS;Richard;M;1968/03/23;74;Ancien cadre;2024/07/08
224;46;Lot;4601;1Ère Circonscription;PRADIÉ;Aurélien;M;1986/03/14;37;Cadre administratif et commercial d'entreprise;2024/07/08
225;46;Lot;4602;2Ème Circonscription;PROENÇA;Christophe;M;1966/05/31;34;Professeur,profession scientifique;2024/07/08
226;47;Lot-Et-Garonne;4701;1Ère Circonscription;LAUZZANA;Michel;M;1957/03/20;31;Profession libérale;2024/07/08
227;47;Lot-Et-Garonne;4702;2Ème Circonscription;LAPORTE;Hélène;F;1978/12/29;37;Cadre administratif et commercial d'entreprise;2024/07/08
228;47;Lot-Et-Garonne;4703;3Ème Circonscription;LEPERS;Guillaume;M;1978/12/21;37;Cadre administratif et commercial d'entreprise;2024/07/08
229;48;Lozère;4801;1Ère Circonscription;PANTEL;Sophie;F;1971/07/27;45;Profession intermédiaire administrative de la fonction publique;2024/07/08
230;49;Maine-Et-Loire;4901;1Ère Circonscription;GERNIGON;François;M;1961/04/02;74;Ancien cadre;2024/07/08
231;49;Maine-Et-Loire;4902;2Ème Circonscription;DUPONT;Stella;F;1973/11/03;46;Profession intermédiaire administrative et commerciale des entreprises;2024/07/08
232;49;Maine-Et-Loire;4903;3Ème Circonscription;BLIN;Anne-Laure;F;1983/06/12;74;Ancien cadre;2024/07/08
233;49;Maine-Et-Loire;4904;4Ème Circonscription;SAINT-PAUL;Laëtitia;F;1981/01/21;83;Militaire du contingent;2024/07/08
234;49;Maine-Et-Loire;4905;5Ème Circonscription;MASSEGLIA;Denis;M;1981/04/11;38;Ingénieur et cadre technique d'entreprise;2024/07/08
235;49;Maine-Et-Loire;4906;6Ème Circonscription;DUBRE CHIRAT;Nicole;F;1951/12/18;33;Cadre de la fonction publique;2024/07/08
236;49;Maine-Et-Loire;4907;7Ème Circonscription;BOLO;Philippe;M;1967/03/25;38;Ingénieur et cadre technique d'entreprise;2024/07/08
237;50;Manche;5001;1Ère Circonscription;GOSSELIN;Philippe;M;1966/10/23;34;Professeur,profession scientifique;2024/07/08
238;50;Manche;5002;2Ème Circonscription;SORRE;Bertrand;M;1965/05/08;42;Professeur des écoles,instituteur et assimilé;2024/07/08
239;50;Manche;5003;3Ème Circonscription;TRAVERT;Stéphane;M;1969/10/12;37;Cadre administratif et commercial d'entreprise;2024/07/08
240;50;Manche;5004;4Ème Circonscription;PIC;Anna;F;1978/06/04;34;Professeur,profession scientifique;2024/07/08
241;51;Marne;5101;1Ère Circonscription;ALBERTINI;Xavier;M;1970/01/28;31;Profession libérale;2024/07/08
242;51;Marne;5102;2Ème Circonscription;MILLER;Laure;F;1983/12/25;85;Personne diverse sans activité professionnelle de moins de 60 ans (sauf retraité);2024/07/08
243;51;Marne;5103;3Ème Circonscription;MICHELET;Maxime;M;1992/04/19;37;Cadre administratif et commercial d'entreprise;2024/07/08
244;51;Marne;5104;4Ème Circonscription;MAGNIER;Lise;F;1984/12/31;33;Cadre de la fonction publique;2024/07/08
245;51;Marne;5105;5Ème Circonscription;DE COURSON;Charles;M;1952/04/02;74;Ancien cadre;2024/07/08
246;52;Haute-Marne;5201;1Ère Circonscription;BENTZ;Christophe;M;1987/07/04;34;Professeur,profession scientifique;2024/07/08
247;52;Haute-Marne;5202;2Ème Circonscription;ROBERT-DEHAULT;Laurence;F;1964/01/17;31;Profession libérale;2024/07/01
248;53;Mayenne;5301;1Ère Circonscription;GAROT;Guillaume;M;1966/05/29;33;Cadre de la fonction publique;2024/07/08
249;53;Mayenne;5302;2Ème Circonscription;BANNIER;Géraldine;F;1979/11/22;34;Professeur,profession scientifique;2024/07/08
250;53;Mayenne;5303;3Ème Circonscription;FAVENNEC;Yannick;M;1958/08/12;74;Ancien cadre;2024/07/08
251;54;Meurthe-Et-Moselle;5401;1Ère Circonscription;MERCIER;Estelle;F;1973/01/15;34;Professeur,profession scientifique;2024/07/08
252;54;Meurthe-Et-Moselle;5402;2Ème Circonscription;HABLOT;Stéphane;M;1965/06/30;85;Personne diverse sans activité professionnelle de moins de 60 ans (sauf retraité);2024/07/08
253;54;Meurthe-Et-Moselle;5403;3Ème Circonscription;WEBER;Frédéric;M;1973/05/21;43;Profession intermédiaire de la santé et du travail social;2024/07/08
254;54;Meurthe-Et-Moselle;5404;4Ème Circonscription;BAZIN;Thibault;M;1984/10/27;37;Cadre administratif et commercial d'entreprise;2024/07/08
255;54;Meurthe-Et-Moselle;5405;5Ème Circonscription;POTIER;Dominique;M;1964/03/17;12;Agriculteur sur moyenne exploitation;2024/07/08
256;54;Meurthe-Et-Moselle;5406;6Ème Circonscription;BOULOGNE;Anthony;M;1993/06/08;37;Cadre administratif et commercial d'entreprise;2024/07/08
257;55;Meuse;5501;1Ère Circonscription;AMBLARD;Maxime;M;1996/09/06;38;Ingénieur et cadre technique d'entreprise;2024/07/08
258;55;Meuse;5502;2Ème Circonscription;GOULET;Florence;F;1961/06/30;33;Cadre de la fonction publique;2024/07/01
259;56;Morbihan;5601;1Ère Circonscription;LE HÉNANFF;Anne;F;1969/07/22;22;Commerçant et assimilé;2024/07/08
260;56;Morbihan;5602;2Ème Circonscription;PAHUN;Jimmy;M;1962/05/15;35;Profession de l'information,des arts et des spectacles;2024/07/08
261;56;Morbihan;5603;3Ème Circonscription;LE PEIH;Nicole;F;1959/09/28;71;Ancien agriculteur exploitant;2024/07/08
262;56;Morbihan;5604;4Ème Circonscription;MOLAC;Paul;M;1962/05/21;34;Professeur,profession scientifique;2024/07/08
263;56;Morbihan;5605;5Ème Circonscription;GIRARD;Damien;M;1973/05/30;38;Ingénieur et cadre technique d'entreprise;2024/07/08
264;56;Morbihan;5606;6Ème Circonscription;JACQUES;Jean-Michel;M;1968/02/29;139;Autre profession libérale (obsolète);2024/07/08
265;57;Moselle;5701;1Ère Circonscription;BELHADDAD;Belkhir;M;1969/07/09;23;Chef d'entreprise de 10 salariés ou plus;2024/07/08
266;57;Moselle;5702;2Ème Circonscription;MENDES;Ludovic;M;1987/04/11;85;Personne diverse sans activité professionnelle de moins de 60 ans (sauf retraité);2024/07/08
267;57;Moselle;5703;3Ème Circonscription;COLIN-OESTERLÉ;Nathalie;F;1965/05/05;31;Profession libérale;2024/07/08
268;57;Moselle;5704;4Ème Circonscription;DI FILIPPO;Fabien;M;1986/08/23;74;Ancien cadre;2024/07/08
269;57;Moselle;5705;5Ème Circonscription;JENFT;Pascal;M;1966/11/29;21;Artisan;2024/07/08
270;57;Moselle;5706;6Ème Circonscription;PFEFFER;Kévin;M;1990/07/09;37;Cadre administratif et commercial d'entreprise;2024/07/01
271;57;Moselle;5707;7Ème Circonscription;LOUBET;Alexandre;M;1994/07/07;33;Cadre de la fonction publique;2024/07/01
272;57;Moselle;5708;8Ème Circonscription;JACOBELLI;Laurent;M;1969/10/13;35;Profession de l'information,des arts et des spectacles;2024/07/08
273;57;Moselle;5709;9Ème Circonscription;RAUCH;Isabelle;F;1968/08/10;31;Profession libérale;2024/07/08
274;58;Nièvre;5801;1Ère Circonscription;GOULET;Perrine;F;1978/03/19;37;Cadre administratif et commercial d'entreprise;2024/07/08
275;58;Nièvre;5802;2Ème Circonscription;GUIBERT;Julien;M;1984/05/11;46;Profession intermédiaire administrative et commerciale des entreprises;2024/07/08
276;59;Nord;5901;1Ère Circonscription;LE COQ;Aurélien;M;1996/09/28;54;Employé administratif d'entreprise;2024/07/08
277;59;Nord;5902;2Ème Circonscription;BERNALICIS;Ugo;M;1989/09/25;33;Cadre de la fonction publique;2024/07/08
278;59;Nord;5903;3Ème Circonscription;DELANNOY;Sandra;F;1974/05/01;21;Artisan;2024/07/01
279;59;Nord;5904;4Ème Circonscription;LISO;Brigitte;F;1959/07/29;72;Ancien artisan,commerçant,chef d'entreprise;2024/07/08
280;59;Nord;5905;5Ème Circonscription;HUYGHE;Sébastien;M;1969/10/25;31;Profession libérale;2024/07/08
281;59;Nord;5906;6Ème Circonscription;MOULLIERE;Jean;M;1994/03/29;45;Profession intermédiaire administrative de la fonction publique;2024/10/28
282;59;Nord;5907;7Ème Circonscription;GERARD;Félicie;F;1974/01/28;48;Contremaître,agent de maîtrise;2024/07/08
283;59;Nord;5908;8Ème Circonscription;GUIRAUD;David;M;1992/11/18;37;Cadre administratif et commercial d'entreprise;2024/07/08
284;59;Nord;5909;9Ème Circonscription;SPILLEBOUT;Violette;F;1972/09/02;37;Cadre administratif et commercial d'entreprise;2024/07/08
285;59;Nord;5911;11Ème Circonscription;VICOT;Roger;M;1963/06/01;85;Personne diverse sans activité professionnelle de moins de 60 ans (sauf retraité);2024/07/08
286;59;Nord;5912;12Ème Circonscription;TAVERNE;Michael;M;1979/03/10;53;Policier et militaire;2024/07/01
287;59;Nord;5913;13Ème Circonscription;GOKEL;Julien;M;1983/03/13;45;Profession intermédiaire administrative de la fonction publique;2024/07/08
288;59;Nord;5914;14Ème Circonscription;CHRISTOPHE;Paul;M;1971/02/10;33;Cadre de la fonction publique;2025/01/24
289;59;Nord;5915;15Ème Circonscription;BATAILLE;Jean-Pierre;M;1963/10/24;34;Professeur,profession scientifique;2024/07/08
290;59;Nord;5916;16Ème Circonscription;MARCHIO;Matthieu;M;1993/06/08;37;Cadre administratif et commercial d'entreprise;2024/07/01
291;59;Nord;5917;17Ème Circonscription;LEDOUX;Vincent;M;1966/06/21;34;Professeur,profession scientifique;2025/01/24
292;59;Nord;5917;17Ème Circonscription;TESSON;Thierry;M;1957/04/22;74;Ancien cadre;2024/07/08
293;59;Nord;5918;18Ème Circonscription;DUFOSSET;Alexandre;M;1998/08/24;54;Employé administratif d'entreprise;2024/07/01
294;59;Nord;5919;19Ème Circonscription;CHENU;Sébastien;M;1973/04/13;33;Cadre de la fonction publique;2024/07/01
295;59;Nord;5920;20Ème Circonscription;FLORQUIN;Guillaume;M;1993/05/04;33;Cadre de la fonction publique;2024/07/01
296;59;Nord;5921;21Ème Circonscription;CASTIGLIONE;Salvatore;M;1970/02/18;37;Cadre administratif et commercial d'entreprise;2024/10/22
297;60;Oise;6001;1Ère Circonscription;MARAIS-BEUIL;Claire;F;1958/11/04;31;Profession libérale;2024/07/08
298;60;Oise;6002;2Ème Circonscription;BALLARD;Philippe;M;1960/11/24;74;Ancien cadre;2024/07/01
299;60;Oise;6003;3Ème Circonscription;SABATOU;Alexandre;M;1993/02/18;33;Cadre de la fonction publique;2024/07/08
300;60;Oise;6004;4Ème Circonscription;WOERTH;Eric;M;1956/01/29;86;Personne diverse sans activité professionnelle de 60 ans et plus (sauf retraité);2024/07/08
301;60;Oise;6005;5Ème Circonscription;VOS;Frédéric;M;1963/03/10;31;Profession libérale;2024/07/08
302;60;Oise;6006;6Ème Circonscription;GUINIOT;Michel;M;1954/11/29;74;Ancien cadre;2024/07/08
303;60;Oise;6007;7Ème Circonscription;MAGNIER;David;M;1972/06/05;48;Contremaître,agent de maîtrise;2024/07/08
304;61;Orne;6101;1Ère Circonscription;JOURDAN;Chantal;F;1958/09/02;74;Ancien cadre;2024/07/08
305;61;Orne;6102;2Ème Circonscription;LIGER;Thierry;M;1970/05/27;23;Chef d'entreprise de 10 salariés ou plus;2025/01/24
306;61;Orne;6103;3Ème Circonscription;NURY;Jérôme;M;1972/08/25;37;Cadre administratif et commercial d'entreprise;2024/07/08
307;62;Pas-De-Calais;6201;1Ère Circonscription;BLAIRY;Emmanuel;M;1986/03/14;52;Employé civil et agent de service de la fonction publique;2024/07/01
308;62;Pas-De-Calais;6202;2Ème Circonscription;LEVASSEUR;Pauline;F;1991/07/24;33;Cadre de la fonction publique;2024/10/22
309;62;Pas-De-Calais;6203;3Ème Circonscription;CLAVET;Bruno;M;1989/05/06;45;Profession intermédiaire administrative de la fonction publique;2024/07/01
310;62;Pas-De-Calais;6204;4Ème Circonscription;FAIT;Philippe;M;1969/06/24;42;Professeur des écoles,instituteur et assimilé;2024/07/08
311;62;Pas-De-Calais;6205;5Ème Circonscription;GOLLIOT;Antoine;M;1985/08/13;38;Ingénieur et cadre technique d'entreprise;2024/07/08
312;62;Pas-De-Calais;6206;6Ème Circonscription;ENGRAND;Christine;F;1955/05/07;77;Ancien employé;2024/07/01
313;62;Pas-De-Calais;6207;7Ème Circonscription;DE FLEURIAN;Marc;M;1989/02/07;33;Cadre de la fonction publique;2024/07/08
314;62;Pas-De-Calais;6208;8Ème Circonscription;EVRARD;Auguste;M;2000/05/04;33;Cadre de la fonction publique;2024/07/08
315;62;Pas-De-Calais;6209;9Ème Circonscription;PARMENTIER;Caroline;F;1965/12/16;35;Profession de l'information,des arts et des spectacles;2024/07/08
316;62;Pas-De-Calais;6210;10Ème Circonscription;FRAPPÉ;Thierry;M;1952/05/23;31;Profession libérale;2024/07/01
317;62;Pas-De-Calais;6211;11Ème Circonscription;LE PEN;Marine;F;1968/08/05;33;Cadre de la fonction publique;2024/07/01
318;62;Pas-De-Calais;6212;12Ème Circonscription;BILDE;Bruno;M;1976/09/22;31;Profession libérale;2024/07/01
319;63;Puy-De-Dôme;6301;1Ère Circonscription;MAXIMI;Marianne;F;1985/11/13;43;Profession intermédiaire de la santé et du travail social;2024/07/08
320;63;Puy-De-Dôme;6302;2Ème Circonscription;PIRÈS BEAUNE;Christine;F;1964/10/06;33;Cadre de la fonction publique;2024/07/08
321;63;Puy-De-Dôme;6303;3Ème Circonscription;BONNET;Nicolas;M;1981/02/11;38;Ingénieur et cadre technique d'entreprise;2024/07/08
322;63;Puy-De-Dôme;6304;4Ème Circonscription;LINGEMANN;Delphine;F;1972/11/14;34;Professeur,profession scientifique;2024/07/08
323;63;Puy-De-Dôme;6305;5Ème Circonscription;BRUGEROLLES;Julien;M;1982/07/05;45;Profession intermédiaire administrative de la fonction publique;2025/04/01
324;64;Pyrénées-Atlantiques;6401;1Ère Circonscription;POUEYTO;Josy;F;1954/01/13;77;Ancien employé;2024/07/08
325;64;Pyrénées-Atlantiques;6402;2Ème Circonscription;MATTEÏ;Jean-Paul;M;1954/03/21;31;Profession libérale;2024/07/08
326;64;Pyrénées-Atlantiques;6403;3Ème Circonscription;HABIB;David;M;1961/03/16;37;Cadre administratif et commercial d'entreprise;2024/07/08
327;64;Pyrénées-Atlantiques;6404;4Ème Circonscription;ECHANIZ;Iñaki;M;1993/09/02;33;Cadre de la fonction publique;2024/07/08
328;64;Pyrénées-Atlantiques;6405;5Ème Circonscription;CAPDEVIELLE;Colette;F;1958/10/14;31;Profession libérale;2024/07/08
329;64;Pyrénées-Atlantiques;6406;6Ème Circonscription;DUFAU;Peio;M;1979/05/30;48;Contremaître,agent de maîtrise;2024/07/08
330;65;Hautes-Pyrénées;6501;1Ère Circonscription;FERRER;Sylvie;F;1967/11/06;85;Personne diverse sans activité professionnelle de moins de 60 ans (sauf retraité);2024/07/08
331;65;Hautes-Pyrénées;6502;2Ème Circonscription;FÉGNÉ;Denis;M;1960/07/31;74;Ancien cadre;2024/07/08
332;66;Pyrénées-Orientales;6601;1Ère Circonscription;BLANC;Sophie;F;1968/02/20;31;Profession libérale;2024/07/08
333;66;Pyrénées-Orientales;6602;2Ème Circonscription;SABATINI;Anaïs;F;1990/03/10;31;Profession libérale;2024/07/01
334;66;Pyrénées-Orientales;6603;3Ème Circonscription;DOGOR-SUCH;Sandrine;F;1970/11/08;55;Employé de commerce;2024/07/08
335;66;Pyrénées-Orientales;6604;4Ème Circonscription;MARTINEZ;Michèle;F;1968/06/06;54;Employé administratif d'entreprise;2024/07/08
336;67;Bas-Rhin;6701;1Ère Circonscription;REGOL;Sandra;F;1978/04/13;85;Personne diverse sans activité professionnelle de moins de 60 ans (sauf retraité);2024/07/08
337;67;Bas-Rhin;6702;2Ème Circonscription;FERNANDES;Emmanuel;M;1980/08/10;46;Profession intermédiaire administrative et commerciale des entreprises;2024/07/08
338;67;Bas-Rhin;6703;3Ème Circonscription;SOTHER;Thierry;M;1982/02/02;33;Cadre de la fonction publique;2024/07/08
339;67;Bas-Rhin;6704;4Ème Circonscription;BUFFET;Françoise;F;1953/12/11;72;Ancien artisan,commerçant,chef d'entreprise;2024/07/08
340;67;Bas-Rhin;6705;5Ème Circonscription;SITZENSTUHL;Charles;M;1988/12/03;33;Cadre de la fonction publique;2024/07/08
341;67;Bas-Rhin;6706;6Ème Circonscription;MOREL;Louise;F;1995/10/15;74;Ancien cadre;2024/07/08
342;67;Bas-Rhin;6707;7Ème Circonscription;HETZEL;Patrick;M;1964/07/02;34;Professeur,profession scientifique;2025/01/24
343;67;Bas-Rhin;6708;8Ème Circonscription;BERNHARDT;Théo;M;2000/06/29;84;Elève,étudiant;2024/07/08
344;67;Bas-Rhin;6709;9Ème Circonscription;THIEBAUT;Vincent;M;1972/05/23;37;Cadre administratif et commercial d'entreprise;2024/07/08
345;68;Haut-Rhin;6801;1Ère Circonscription;KLINKERT;Brigitte;F;1956/07/22;74;Ancien cadre;2024/07/08
346;68;Haut-Rhin;6802;2Ème Circonscription;OTT;Hubert;M;1964/06/06;34;Professeur,profession scientifique;2024/07/08
347;68;Haut-Rhin;6803;3Ème Circonscription;LEMAIRE;Didier;M;1975/07/23;52;Employé civil et agent de service de la fonction publique;2024/07/08
348;68;Haut-Rhin;6804;4Ème Circonscription;SCHELLENBERGER;Raphaël;M;1990/02/14;33;Cadre de la fonction publique;2024/07/08
349;68;Haut-Rhin;6805;5Ème Circonscription;BECHT;Olivier;M;1976/04/28;33;Cadre de la fonction publique;2024/07/08
350;68;Haut-Rhin;6806;6Ème Circonscription;FUCHS;Bruno;M;1959/04/07;72;Ancien artisan,commerçant,chef d'entreprise;2024/07/08
351;69;Rhône;6901;1Ère Circonscription;BELOUASSA-CHERIFI;Anaïs;F;1995/02/07;37;Cadre administratif et commercial d'entreprise;2024/07/08
352;69;Rhône;6902;2Ème Circonscription;TAVERNIER;Boris;M;1979/08/23;37;Cadre administratif et commercial d'entreprise;2024/07/08
353;69;Rhône;6903;3Ème Circonscription;GARIN;Marie-Charlotte;F;1995/09/02;85;Personne diverse sans activité professionnelle de moins de 60 ans (sauf retraité);2024/07/01
354;69;Rhône;6904;4Ème Circonscription;RUNEL;Sandrine;F;1979/06/01;33;Cadre de la fonction publique;2024/07/08
355;69;Rhône;6905;5Ème Circonscription;BROCARD;Blandine;F;1981/11/03;77;Ancien employé;2024/07/08
356;69;Rhône;6906;6Ème Circonscription;AMARD;Gabriel;M;1967/05/05;37;Cadre administratif et commercial d'entreprise;2024/07/08
357;69;Rhône;6907;7Ème Circonscription;LAHMAR;Abdelkader;M;1971/05/12;34;Professeur,profession scientifique;2024/07/08
358;69;Rhône;6908;8Ème Circonscription;GERY;Jonathan;M;1986/10/12;53;Policier et militaire;2024/07/08
359;69;Rhône;6909;9Ème Circonscription;PORTIER;Alexandre;M;1990/04/21;34;Professeur,profession scientifique;2025/01/24
360;69;Rhône;6910;10Ème Circonscription;GASSILLOUD;Thomas;M;1981/05/21;23;Chef d'entreprise de 10 salariés ou plus;2024/07/08
361;69;Rhône;6911;11Ème Circonscription;FUGIT;Jean-Luc;M;1969/11/27;34;Professeur,profession scientifique;2024/07/08
362;69;Rhône;6912;12Ème Circonscription;ISAAC-SIBILLE;Cyrille;M;1958/04/30;31;Profession libérale;2024/07/08
363;69;Rhône;6913;13Ème Circonscription;JONCOUR;Tiffany;F;1989/09/02;37;Cadre administratif et commercial d'entreprise;2024/07/08
364;69;Rhône;6914;14Ème Circonscription;BOUMERTIT;Idir;M;1974/10/04;85;Personne diverse sans activité professionnelle de moins de 60 ans (sauf retraité);2024/07/08
365;70;Haute-Saône;7001;1Ère Circonscription;VILLEDIEU;Antoine;M;1989/03/08;53;Policier et militaire;2024/07/08
366;70;Haute-Saône;7002;2Ème Circonscription;SALMON;Emeric;M;1973/11/26;37;Cadre administratif et commercial d'entreprise;2024/07/01
367;71;Saône-Et-Loire;7101;1Ère Circonscription;DIRX;Benjamin;M;1979/01/25;23;Chef d'entreprise de 10 salariés ou plus;2024/07/08
368;71;Saône-Et-Loire;7102;2Ème Circonscription;CORNELOUP;Josiane;F;1959/09/30;34;Professeur,profession scientifique;2024/07/08
369;71;Saône-Et-Loire;7103;3Ème Circonscription;DUTREMBLE;Aurélien;M;1978/12/23;47;Technicien;2024/07/08
370;71;Saône-Et-Loire;7104;4Ème Circonscription;MICHOUX;Eric;M;1959/06/17;23;Chef d'entreprise de 10 salariés ou plus;2024/07/08
371;71;Saône-Et-Loire;7105;5Ème Circonscription;MARTIN;Sébastien;M;1977/11/24;33;Cadre de la fonction publique;2025/05/26
372;72;Sarthe;7201;1Ère Circonscription;DELPECH;Julie;F;1989/09/25;37;Cadre administratif et commercial d'entreprise;2024/07/08
373;72;Sarthe;7202;2Ème Circonscription;KARAMANLI;Marietta;F;1964/12/18;34;Professeur,profession scientifique;2024/07/08
374;72;Sarthe;7203;3Ème Circonscription;MARTINEAU;Eric;M;1968/05/08;12;Agriculteur sur moyenne exploitation;2024/07/08
375;72;Sarthe;7204;4Ème Circonscription;LEBOUCHER;Elise;F;1982/10/09;43;Profession intermédiaire de la santé et du travail social;2024/07/08
376;72;Sarthe;7205;5Ème Circonscription;GRELIER;Jean-Carles;M;1966/03/15;31;Profession libérale;2024/07/08
377;73;Savoie;7302;2Ème Circonscription;ROLLAND;Vincent;M;1970/02/01;37;Cadre administratif et commercial d'entreprise;2024/07/08
378;73;Savoie;7303;3Ème Circonscription;BONNIVARD;Emilie;F;1980/08/02;46;Profession intermédiaire administrative et commerciale des entreprises;2024/07/08
379;73;Savoie;7304;4Ème Circonscription;COULOMME;Jean-François;M;1966/04/01;37;Cadre administratif et commercial d'entreprise;2024/07/08
380;74;Haute-Savoie;7401;1Ère Circonscription;RIOTTON;Véronique;F;1969/11/02;23;Chef d'entreprise de 10 salariés ou plus;2024/07/08
381;74;Haute-Savoie;7402;2Ème Circonscription;ARMAND;Antoine;M;1991/09/10;33;Cadre de la fonction publique;2025/01/24
382;74;Haute-Savoie;7403;3Ème Circonscription;PETEX;Christelle;F;1980/09/02;37;Cadre administratif et commercial d'entreprise;2024/07/08
383;74;Haute-Savoie;7404;4Ème Circonscription;DUBY-MULLER;Virginie;F;1979/08/16;33;Cadre de la fonction publique;2024/07/08
384;74;Haute-Savoie;7405;5Ème Circonscription;VIOLLAND;Anne-Cécile;F;1973/06/10;31;Profession libérale;2024/07/08
385;74;Haute-Savoie;7406;6Ème Circonscription;ROSEREN;Xavier;M;1970/01/12;22;Commerçant et assimilé;2024/07/08
386;75;Paris;7501;1Ère Circonscription;MAILLARD;Sylvain;M;1974/04/28;23;Chef d'entreprise de 10 salariés ou plus;2024/07/08
387;75;Paris;7502;2Ème Circonscription;LAUSSUCQ;Jean;M;1990/02/04;33;Cadre de la fonction publique;2024/07/08
388;75;Paris;7503;3Ème Circonscription;BALAGE EL MARIKY;Léa;F;1990/04/09;37;Cadre administratif et commercial d'entreprise;2024/07/08
389;75;Paris;7504;4Ème Circonscription;HOFFMAN;Emmanuelle;F;1964/12/17;31;Profession libérale;2024/10/22
390;75;Paris;7505;5Ème Circonscription;AMIRSHAHI;Pouria;M;1972/03/27;33;Cadre de la fonction publique;2024/07/01
391;75;Paris;7506;6Ème Circonscription;CHIKIROU;Sophia;F;1979/06/03;37;Cadre administratif et commercial d'entreprise;2024/07/01
392;75;Paris;7507;7Ème Circonscription;GREGOIRE;Emmanuel;M;1977/12/24;37;Cadre administratif et commercial d'entreprise;2024/07/01
393;75;Paris;7508;8Ème Circonscription;SAS;Eva;F;1970/08/13;85;Personne diverse sans activité professionnelle de moins de 60 ans (sauf retraité);2024/07/01
394;75;Paris;7509;9Ème Circonscription;ROUSSEAU;Sandrine;F;1972/03/08;34;Professeur,profession scientifique;2024/07/01
395;75;Paris;7510;10Ème Circonscription;ARENAS;Rodrigo;M;1974/04/24;33;Cadre de la fonction publique;2024/07/01
396;75;Paris;7511;11Ème Circonscription;HERVIEU;Céline;F;1993/08/19;31;Profession libérale;2024/07/08
397;75;Paris;7512;12Ème Circonscription;GREGOIRE;Olivia;F;1978/09/30;33;Cadre de la fonction publique;2024/07/08
398;75;Paris;7513;13Ème Circonscription;AMIEL;David;M;1992/11/28;37;Cadre administratif et commercial d'entreprise;2024/07/08
399;75;Paris;7514;14Ème Circonscription;MISSOFFE;Joséphine;F;1973/09/24;43;Profession intermédiaire de la santé et du travail social;2024/10/22
400;75;Paris;7515;15Ème Circonscription;SIMONNET;Danielle;F;1971/07/02;34;Professeur,profession scientifique;2024/07/08
401;75;Paris;7516;16Ème Circonscription;LEGRAIN;Sarah;F;1985/11/17;34;Professeur,profession scientifique;2024/07/01
402;75;Paris;7517;17Ème Circonscription;OBONO;Danièle;F;1980/07/12;33;Cadre de la fonction publique;2024/07/01
403;75;Paris;7518;18Ème Circonscription;CARON;Aymeric;M;1971/12/04;35;Profession de l'information,des arts et des spectacles;2024/07/01
404;76;Seine-Maritime;7601;1Ère Circonscription;HEROUIN-LEAUTEY;Florence;F;1972/12/28;33;Cadre de la fonction publique;2024/07/08
405;76;Seine-Maritime;7602;2Ème Circonscription;VIDAL;Annie;F;1956/09/17;74;Ancien cadre;2024/07/08
406;76;Seine-Maritime;7603;3Ème Circonscription;BÉNARD;Edouard;M;1995/02/18;85;Personne diverse sans activité professionnelle de moins de 60 ans (sauf retraité);2024/07/08
407;76;Seine-Maritime;7604;4Ème Circonscription;DUFOUR;Alma;F;1990/05/06;46;Profession intermédiaire administrative et commerciale des entreprises;2024/07/08
408;76;Seine-Maritime;7605;5Ème Circonscription;LESEUL;Gérard;M;1960/08/15;34;Professeur,profession scientifique;2024/07/08
409;76;Seine-Maritime;7606;6Ème Circonscription;MARTIN;Patrice;M;1963/09/13;11;Agriculteur sur petite exploitation;2024/07/08
410;76;Seine-Maritime;7607;7Ème Circonscription;FIRMIN LE BODO;Agnès;F;1968/11/20;31;Profession libérale;2024/07/08
411;76;Seine-Maritime;7608;8Ème Circonscription;LECOQ;Jean-Paul;M;1958/10/13;47;Technicien;2024/07/08
412;76;Seine-Maritime;7609;9Ème Circonscription;POUSSIER-WINSBACK;Marie-Agnès;F;1967/03/25;42;Professeur des écoles,instituteur et assimilé;2025/01/24
413;76;Seine-Maritime;7610;10Ème Circonscription;LE BOURGEOIS;Robert;M;1969/11/12;37;Cadre administratif et commercial d'entreprise;2024/07/08
414;77;Seine-Et-Marne;7701;1Ère Circonscription;SAINT-MARTIN;Arnaud;M;1979/01/25;34;Professeur,profession scientifique;2024/07/08
415;77;Seine-Et-Marne;7702;2Ème Circonscription;VALLETOUX;Frédéric;M;1966/08/23;74;Ancien cadre;2024/07/08
416;77;Seine-Et-Marne;7703;3Ème Circonscription;THIERIOT;Jean-Louis;M;1969/06/26;31;Profession libérale;2025/01/24
417;77;Seine-Et-Marne;7704;4Ème Circonscription;LIMONGI;Julien;M;1996/02/12;74;Ancien cadre;2024/07/08
418;77;Seine-Et-Marne;7705;5Ème Circonscription;RIESTER;Franck;M;1974/01/03;23;Chef d'entreprise de 10 salariés ou plus;2024/07/08
419;77;Seine-Et-Marne;7706;6Ème Circonscription;ROULLAUD;Béatrice;F;1960/06/09;31;Profession libérale;2024/07/08
420;77;Seine-Et-Marne;7707;7Ème Circonscription;SOUDAIS;Ersilia;F;1988/05/21;34;Professeur,profession scientifique;2024/07/08
421;77;Seine-Et-Marne;7708;8Ème Circonscription;BONNET;Arnaud;M;1977/02/23;34;Professeur,profession scientifique;2024/07/08
422;77;Seine-Et-Marne;7709;9Ème Circonscription;THIÉBAULT-MARTINEZ;Céline;F;1974/08/04;37;Cadre administratif et commercial d'entreprise;2024/07/08
423;77;Seine-Et-Marne;7710;10Ème Circonscription;LAISNEY;Maxime;M;1981/01/19;42;Professeur des écoles,instituteur et assimilé;2024/07/08
424;77;Seine-Et-Marne;7711;11Ème Circonscription;FAURE;Olivier;M;1968/08/18;37;Cadre administratif et commercial d'entreprise;2024/07/01
425;78;Yvelines;0102;2Ème Circonscription;BERGANTZ;Anne;F;1968/09/17;43;Profession intermédiaire de la santé et du travail social;2024/10/22
426;78;Yvelines;7801;1Ère Circonscription;RODWELL;Charles;M;1996/07/26;33;Cadre de la fonction publique;2024/07/08
427;78;Yvelines;7803;3Ème Circonscription;PIRON;Béatrice;F;1965/08/30;72;Ancien artisan,commerçant,chef d'entreprise;2024/07/08
428;78;Yvelines;7804;4Ème Circonscription;LEBEC;Marie;F;1990/12/17;33;Cadre de la fonction publique;2024/07/08
429;78;Yvelines;7805;5Ème Circonscription;BRAUN-PIVET;Yaël;F;1970/12/07;31;Profession libérale;2024/07/08
430;78;Yvelines;7806;6Ème Circonscription;POUZYREFF;Natalia;F;1961/02/18;86;Personne diverse sans activité professionnelle de 60 ans et plus (sauf retraité);2024/07/08
431;78;Yvelines;7807;7Ème Circonscription;ROUSSEAU;Aurélien;M;1976/06/25;33;Cadre de la fonction publique;2024/07/08
432;78;Yvelines;7808;8Ème Circonscription;LUCAS;Benjamin;M;1990/10/08;85;Personne diverse sans activité professionnelle de moins de 60 ans (sauf retraité);2024/07/08
433;78;Yvelines;7809;9Ème Circonscription;DIOP;Dieynaba;F;1974/07/15;34;Professeur,profession scientifique;2024/07/08
434;78;Yvelines;7810;10Ème Circonscription;RONCERET;Anne-Sophie;F;1978/01/07;33;Cadre de la fonction publique;2025/01/24
435;78;Yvelines;7811;11Ème Circonscription;MAZAURY;Laurent;M;1965/08/23;37;Cadre administratif et commercial d'entreprise;2024/07/08
436;78;Yvelines;7812;12Ème Circonscription;OLIVE;Karl;M;1969/03/29;23;Chef d'entreprise de 10 salariés ou plus;2024/07/08
437;79;Deux-Sèvres;7901;1Ère Circonscription;MARCHIVE;Bastien;M;1990/07/15;37;Cadre administratif et commercial d'entreprise;2024/07/08
438;79;Deux-Sèvres;7902;2Ème Circonscription;BATHO;Delphine;F;1973/03/23;33;Cadre de la fonction publique;2024/07/08
439;79;Deux-Sèvres;7903;3Ème Circonscription;FIÉVET;Jean-Marie;M;1964/06/19;52;Employé civil et agent de service de la fonction publique;2024/07/08
440;80;Somme;8001;1Ère Circonscription;RUFFIN;François;M;1975/10/18;35;Profession de l'information,des arts et des spectacles;2024/07/08
441;80;Somme;8002;2Ème Circonscription;HAMDANE;Zahia;F;1965/05/14;43;Profession intermédiaire de la santé et du travail social;2024/07/08
442;80;Somme;8003;3Ème Circonscription;RENAULT;Matthias;M;1988/05/02;37;Cadre administratif et commercial d'entreprise;2024/07/08
443;80;Somme;8004;4Ème Circonscription;TANGUY;Jean-Philippe;M;1986/03/25;37;Cadre administratif et commercial d'entreprise;2024/07/08
444;80;Somme;8005;5Ème Circonscription;MENACHE;Yaël;F;1985/05/12;37;Cadre administratif et commercial d'entreprise;2024/07/01
445;81;Tarn;8101;1Ère Circonscription;BONNECARRERE;Philippe;M;1955/07/12;31;Profession libérale;2024/07/08
446;81;Tarn;8102;2Ème Circonscription;ERODI;Karen;F;1977/02/04;31;Profession libérale;2024/07/08
447;81;Tarn;8103;3Ème Circonscription;TERLIER;Jean;M;1977/03/02;31;Profession libérale;2024/07/08
448;82;Tarn-Et-Garonne;8201;1Ère Circonscription;BAREGES;Brigitte;F;1953/05/01;31;Profession libérale;2024/07/08
449;82;Tarn-Et-Garonne;8202;2Ème Circonscription;HAMELET;Marine;F;1967/07/13;55;Employé de commerce;2024/07/08
450;83;Var;8301;1Ère Circonscription;CHENEVARD;Yannick;M;1959/11/27;31;Profession libérale;2024/07/08
451;83;Var;8302;2Ème Circonscription;LAVALETTE;Laure;F;1976/04/16;85;Personne diverse sans activité professionnelle de moins de 60 ans (sauf retraité);2024/07/01
452;83;Var;8303;3Ème Circonscription;RAMBAUD;Stéphane;M;1960/04/05;74;Ancien cadre;2024/07/08
453;83;Var;8304;4Ème Circonscription;LOTTIAUX;Philippe;M;1966/08/14;33;Cadre de la fonction publique;2024/07/01
454;83;Var;8305;5Ème Circonscription;LECHANTEUX;Julie;F;1977/12/22;85;Personne diverse sans activité professionnelle de moins de 60 ans (sauf retraité);2024/07/01
455;83;Var;8306;6Ème Circonscription;GILETTI;Frank;M;1973/03/01;33;Cadre de la fonction publique;2024/07/01
456;83;Var;8307;7Ème Circonscription;BOCCALETTI;Frédéric;M;1973/11/23;85;Personne diverse sans activité professionnelle de moins de 60 ans (sauf retraité);2024/07/08
457;83;Var;8308;8Ème Circonscription;SCHRECK;Philippe;M;1972/02/02;31;Profession libérale;2024/07/01
458;84;Vaucluse;8401;1Ère Circonscription;ARNAULT;Raphaël;M;1995/01/08;52;Employé civil et agent de service de la fonction publique;2024/07/08
459;84;Vaucluse;8402;2Ème Circonscription;AUZANOT;Bénédicte;F;1972/08/05;85;Personne diverse sans activité professionnelle de moins de 60 ans (sauf retraité);2024/07/08
460;84;Vaucluse;8403;3Ème Circonscription;DE LÉPINAU;Hervé;M;1969/06/08;31;Profession libérale;2024/07/01
461;84;Vaucluse;8404;4Ème Circonscription;LORHO;Marie-France;F;1964/12/15;43;Profession intermédiaire de la santé et du travail social;2024/07/08
462;84;Vaucluse;8405;5Ème Circonscription;RIMBERT;Catherine;F;1968/09/13;31;Profession libérale;2024/07/08
463;85;Vendée;8501;1Ère Circonscription;LATOMBE;Philippe;M;1975/04/21;37;Cadre administratif et commercial d'entreprise;2024/07/08
464;85;Vendée;8502;2Ème Circonscription;BELLAMY;Béatrice;F;1966/10/20;37;Cadre administratif et commercial d'entreprise;2024/07/08
465;85;Vendée;8503;3Ème Circonscription;BUCHOU;Stéphane;M;1974/03/14;37;Cadre administratif et commercial d'entreprise;2024/07/08
466;85;Vendée;8504;4Ème Circonscription;BESSE;Véronique;F;1963/08/11;85;Personne diverse sans activité professionnelle de moins de 60 ans (sauf retraité);2024/07/08
467;85;Vendée;8505;5Ème Circonscription;HENRIET;Pierre;M;1991/11/26;34;Professeur,profession scientifique;2024/07/08
468;86;Vienne;8601;1Ère Circonscription;BELLUCO;Lisa;F;1988/07/20;33;Cadre de la fonction publique;2024/07/08
469;86;Vienne;8602;2Ème Circonscription;HOULIÉ;Sacha;M;1988/10/08;31;Profession libérale;2024/07/08
470;86;Vienne;8603;3Ème Circonscription;LECAMP;Pascal;M;1958/04/06;37;Cadre administratif et commercial d'entreprise;2024/07/08
471;86;Vienne;8604;4Ème Circonscription;TURQUOIS;Nicolas;M;1972/07/26;13;Agriculteur sur grande exploitation;2024/07/08
472;87;Haute-Vienne;8701;1Ère Circonscription;MAUDET;Damien;M;1996/11/14;37;Cadre administratif et commercial d'entreprise;2024/07/08
473;87;Haute-Vienne;8702;2Ème Circonscription;DELAUTRETTE;Stéphane;M;1972/09/20;38;Ingénieur et cadre technique d'entreprise;2024/07/08
474;87;Haute-Vienne;8703;3Ème Circonscription;MEUNIER;Manon;F;1996/03/30;85;Personne diverse sans activité professionnelle de moins de 60 ans (sauf retraité);2024/07/08
475;88;Vosges;8801;1Ère Circonscription;VIRY;Stéphane;M;1969/10/14;31;Profession libérale;2024/07/08
476;88;Vosges;8802;2Ème Circonscription;DUSSAUSAYE;Gaëtan;M;1994/04/05;55;Employé de commerce;2024/07/08
477;88;Vosges;8803;3Ème Circonscription;NAEGELEN;Christophe;M;1983/12/30;23;Chef d'entreprise de 10 salariés ou plus;2024/07/08
478;88;Vosges;8804;4Ème Circonscription;HUMBERT;Sébastien;M;1990/07/10;33;Cadre de la fonction publique;2024/07/08
479;89;Yonne;8901;1Ère Circonscription;GRENON;Daniel;M;1948/07/31;72;Ancien artisan,commerçant,chef d'entreprise;2024/07/08
480;89;Yonne;8902;2Ème Circonscription;ROY;Sophie-Laurence;F;1955/12/23;31;Profession libérale;2024/07/08
481;89;Yonne;8903;3Ème Circonscription;ODOUL;Julien;M;1985/05/08;33;Cadre de la fonction publique;2024/07/01
482;90;Territoire De Belfort;9001;1Ère Circonscription;BOUCARD;Ian;M;1988/05/05;77;Ancien employé;2024/07/08
483;90;Territoire De Belfort;9002;2Ème Circonscription;BIGOT;Guillaume;M;1969/11/14;35;Profession de l'information,des arts et des spectacles;2024/07/08
484;91;Essonne;9101;1Ère Circonscription;AMRANI;Farida;F;1976/09/03;33;Cadre de la fonction publique;2024/07/08
485;91;Essonne;9102;2Ème Circonscription;DA CONCEICAO CARVALHO;Nathalie;F;1966/03/31;72;Ancien artisan,commerçant,chef d'entreprise;2024/07/08
486;91;Essonne;9103;3Ème Circonscription;GUSTAVE;Steevy;M;1970/02/05;35;Profession de l'information,des arts et des spectacles;2024/07/08
487;91;Essonne;9104;4Ème Circonscription;RIXAIN;Marie-Pierre;F;1977/01/18;31;Profession libérale;2024/07/08
488;91;Essonne;9105;5Ème Circonscription;MIDY;Paul;M;1983/01/25;85;Personne diverse sans activité professionnelle de moins de 60 ans (sauf retraité);2024/07/08
489;91;Essonne;9106;6Ème Circonscription;GUEDJ;Jérôme;M;1972/01/23;33;Cadre de la fonction publique;2024/07/08
490;91;Essonne;9107;7Ème Circonscription;LEJEUNE;Claire;F;1994/09/07;34;Professeur,profession scientifique;2024/07/08
491;91;Essonne;9108;8Ème Circonscription;CERNON;Bérenger;M;1988/05/02;65;Ouvrier qualifié de la manutention,du magasinage et du transport;2024/07/08
492;91;Essonne;9109;9Ème Circonscription;OZENNE;Julie;F;1978/08/02;38;Ingénieur et cadre technique d'entreprise;2024/07/08
493;91;Essonne;9110;10Ème Circonscription;LÉAUMENT;Antoine;M;1989/09/04;85;Personne diverse sans activité professionnelle de moins de 60 ans (sauf retraité);2024/07/08
494;92;Hauts-De-Seine;9201;1Ère Circonscription;FAUCILLON;Elsa;F;1981/08/06;37;Cadre administratif et commercial d'entreprise;2024/07/01
495;92;Hauts-De-Seine;9202;2Ème Circonscription;LAM;Thomas;M;1981/10/22;23;Chef d'entreprise de 10 salariés ou plus;2024/07/08
496;92;Hauts-De-Seine;9203;3Ème Circonscription;JUVIN;Philippe;M;1964/02/01;34;Professeur,profession scientifique;2024/07/01
497;92;Hauts-De-Seine;9204;4Ème Circonscription;SEBAIHI;Sabrina;F;1981/05/10;85;Personne diverse sans activité professionnelle de moins de 60 ans (sauf retraité);2024/07/08
498;92;Hauts-De-Seine;9205;5Ème Circonscription;CALVEZ;Céline;F;1979/07/24;33;Cadre de la fonction publique;2024/07/08
499;92;Hauts-De-Seine;9206;6Ème Circonscription;LE GRIP;Constance;F;1960/11/14;33;Cadre de la fonction publique;2024/07/08
500;92;Hauts-De-Seine;9207;7Ème Circonscription;CAZENEUVE;Pierre;M;1995/03/11;33;Cadre de la fonction publique;2024/07/01
501;92;Hauts-De-Seine;9208;8Ème Circonscription;THEVENOT;Prisca;F;1985/03/01;37;Cadre administratif et commercial d'entreprise;2024/07/08
502;92;Hauts-De-Seine;9209;9Ème Circonscription;DE MAISTRE;Elisabeth;F;1975/10/07;33;Cadre de la fonction publique;2025/02/09
503;92;Hauts-De-Seine;9210;10Ème Circonscription;ATTAL;Gabriel;M;1989/03/16;33;Cadre de la fonction publique;2024/07/08
504;92;Hauts-De-Seine;9211;11Ème Circonscription;SAINTOUL;Aurélien;M;1988/05/26;34;Professeur,profession scientifique;2024/07/01
505;92;Hauts-De-Seine;9212;12Ème Circonscription;BERGER;Jean-Didier;M;1980/01/23;37;Cadre administratif et commercial d'entreprise;2024/07/08
506;92;Hauts-De-Seine;9213;13Ème Circonscription;BREGEON;Maud;F;1991/02/11;38;Ingénieur et cadre technique d'entreprise;2025/01/14
507;93;Seine-Saint-Denis;9301;1Ère Circonscription;COQUEREL;Éric;M;1958/12/30;86;Personne diverse sans activité professionnelle de 60 ans et plus (sauf retraité);2024/07/01
508;93;Seine-Saint-Denis;9302;2Ème Circonscription;PEU;Stéphane;M;1962/07/24;54;Employé administratif d'entreprise;2024/07/01
509;93;Seine-Saint-Denis;9303;3Ème Circonscription;PORTES;Thomas;M;1985/11/18;47;Technicien;2024/07/08
510;93;Seine-Saint-Denis;9304;4Ème Circonscription;BOUROUAHA;Soumya;F;1964/03/16;34;Professeur,profession scientifique;2024/07/08
511;93;Seine-Saint-Denis;9305;5Ème Circonscription;DIOUARA;Aly;M;1987/03/01;33;Cadre de la fonction publique;2024/07/08
512;93;Seine-Saint-Denis;9306;6Ème Circonscription;LACHAUD;Bastien;M;1980/08/05;34;Professeur,profession scientifique;2024/07/01
513;93;Seine-Saint-Denis;9307;7Ème Circonscription;CORBIÈRE;Alexis;M;1968/08/17;34;Professeur,profession scientifique;2024/07/08
514;93;Seine-Saint-Denis;9308;8Ème Circonscription;KELOUA HACHI;Fatiha;F;1971/06/05;85;Personne diverse sans activité professionnelle de moins de 60 ans (sauf retraité);2024/07/08
515;93;Seine-Saint-Denis;9309;9Ème Circonscription;TROUVÉ;Aurélie;F;1979/09/20;34;Professeur,profession scientifique;2024/07/01
516;93;Seine-Saint-Denis;9310;10Ème Circonscription;ABOMANGOLI;Nadège;F;1975/09/15;33;Cadre de la fonction publique;2024/07/01
517;93;Seine-Saint-Denis;9311;11Ème Circonscription;AUTAIN;Clémentine;F;1973/05/26;35;Profession de l'information,des arts et des spectacles;2024/07/01
518;93;Seine-Saint-Denis;9312;12Ème Circonscription;LEGAVRE;Jérôme;M;1972/08/20;34;Professeur,profession scientifique;2024/07/08
519;94;Val-De-Marne;9401;1Ère Circonscription;BERRIOS;Sylvain;M;1968/05/06;33;Cadre de la fonction publique;2024/07/08
520;94;Val-De-Marne;9402;2Ème Circonscription;GUETTÉ;Clémence;F;1991/03/15;37;Cadre administratif et commercial d'entreprise;2024/07/01
521;94;Val-De-Marne;9403;3Ème Circonscription;BOYARD;Louis;M;2000/08/26;84;Elève,étudiant;2024/07/08
522;94;Val-De-Marne;9404;4Ème Circonscription;PETIT;Maud;F;1971/11/15;74;Ancien cadre;2024/07/08
523;94;Val-De-Marne;9405;5Ème Circonscription;LEFEVRE;Mathieu;M;1986/10/27;33;Cadre de la fonction publique;2024/07/08
524;94;Val-De-Marne;9406;6Ème Circonscription;GOUFFIER VALENTE;Guillaume;M;1986/02/01;33;Cadre de la fonction publique;2024/07/08
525;94;Val-De-Marne;9407;7Ème Circonscription;JEANBRUN;Vincent;M;1984/05/05;33;Cadre de la fonction publique;2024/07/08
526;94;Val-De-Marne;9408;8Ème Circonscription;HERBILLON;Michel;M;1951/03/06;74;Ancien cadre;2024/07/08
527;94;Val-De-Marne;9409;9Ème Circonscription;SANTIAGO;Isabelle;F;1965/09/20;74;Ancien cadre;2024/07/01
528;94;Val-De-Marne;9410;10Ème Circonscription;PANOT;Mathilde;F;1989/01/15;37;Cadre administratif et commercial d'entreprise;2024/07/01
529;94;Val-De-Marne;9411;11Ème Circonscription;TAILLÉ-POLIAN;Sophie;F;1974/10/04;33;Cadre de la fonction publique;2024/07/01
530;95;Val-D'Oise;9501;1Ère Circonscription;SICARD;Anne;F;1967/06/15;37;Cadre administratif et commercial d'entreprise;2024/07/08
531;95;Val-D'Oise;9502;2Ème Circonscription;HADIZADEH;Ayda;F;1982/02/12;37;Cadre administratif et commercial d'entreprise;2024/07/08
532;95;Val-D'Oise;9503;3Ème Circonscription;MAUREL;Emmanuel;M;1973/05/10;34;Professeur,profession scientifique;2024/07/08
533;95;Val-D'Oise;9504;4Ème Circonscription;MOUTCHOU;Naïma;F;1980/11/04;31;Profession libérale;2024/07/08
534;95;Val-D'Oise;9505;5Ème Circonscription;VANNIER;Paul;M;1985/09/19;34;Professeur,profession scientifique;2024/07/01
535;95;Val-D'Oise;9506;6Ème Circonscription;CATHALA;Gabrielle;F;1992/05/14;37;Cadre administratif et commercial d'entreprise;2024/07/08
536;95;Val-D'Oise;9507;7Ème Circonscription;ESKENAZI;Romain;M;1986/05/04;33;Cadre de la fonction publique;2024/07/08
537;95;Val-D'Oise;9508;8Ème Circonscription;BILONGO;Carlos Martens;M;1990/12/31;42;Professeur des écoles,instituteur et assimilé;2024/07/01
538;95;Val-D'Oise;9509;9Ème Circonscription;LE GALL;Arnaud;M;1980/11/29;52;Employé civil et agent de service de la fonction publique;2024/07/08
539;95;Val-D'Oise;9510;10Ème Circonscription;TACHÉ;Aurélien;M;1984/05/26;33;Cadre de la fonction publique;2024/07/08
540;971;Guadeloupe;97101;1Ère Circonscription;SERVA;Olivier;M;1974/06/21;31;Profession libérale;2024/07/08
541;971;Guadeloupe;97102;2Ème Circonscription;BAPTISTE;Christian;M;1962/06/18;33;Cadre de la fonction publique;2024/07/08
542;971;Guadeloupe;97103;3Ème Circonscription;MATHIASIN;Max;M;1956/02/24;33;Cadre de la fonction publique;2024/07/08
543;971;Guadeloupe;97104;4Ème Circonscription;CALIFER;Elie;M;1954/04/19;74;Ancien cadre;2024/07/08
544;972;Martinique;97201;1Ère Circonscription;WILLIAM;Jiovanny;M;1985/06/03;31;Profession libérale;2024/07/08
545;972;Martinique;97202;2Ème Circonscription;NADEAU;Marcellin;M;1962/11/02;33;Cadre de la fonction publique;2024/07/08
546;972;Martinique;97203;3Ème Circonscription;BELLAY;Beatrice;F;1975/07/25;33;Cadre de la fonction publique;2024/07/08
547;972;Martinique;97204;4Ème Circonscription;NILOR;Jean-Philippe;M;1965/05/15;85;Personne diverse sans activité professionnelle de moins de 60 ans (sauf retraité);2024/07/08
548;973;Guyane;97301;1Ère Circonscription;CASTOR;Jean-Victor;M;1962/04/21;38;Ingénieur et cadre technique d'entreprise;2024/07/08
549;973;Guyane;97302;2Ème Circonscription;RIMANE;Davy;M;1979/12/15;47;Technicien;2024/07/08
550;974;La Réunion;97401;1Ère Circonscription;NAILLET;Philippe;M;1960/08/14;23;Chef d'entreprise de 10 salariés ou plus;2024/07/08
551;974;La Réunion;97402;2Ème Circonscription;LEBON;Karine;F;1985/06/09;42;Professeur des écoles,instituteur et assimilé;2024/07/08
552;974;La Réunion;97403;3Ème Circonscription;RIVIERE;Joseph;M;1971/10/15;45;Profession intermédiaire administrative de la fonction publique;2024/07/08
553;974;La Réunion;97404;4Ème Circonscription;KBIDI;Emeline;F;1987/05/13;31;Profession libérale;2024/07/08
554;974;La Réunion;97405;5Ème Circonscription;RATENON;Jean-Hugues;M;1967/06/25;85;Personne diverse sans activité professionnelle de moins de 60 ans (sauf retraité);2024/07/08
555;974;La Réunion;97406;6Ème Circonscription;MAILLOT;Frédéric;M;1986/11/15;56;Personnel des services directs aux particuliers;2024/07/08
556;974;La Réunion;97407;7Ème Circonscription;GAILLARD;Perceval;M;1983/04/24;43;Profession intermédiaire de la santé et du travail social;2024/07/08
557;976;Mayotte;97601;1Ère Circonscription;YOUSSOUFFA;Estelle;F;1978/07/31;35;Profession de l'information,des arts et des spectacles;2024/07/01
558;976;Mayotte;97602;2Ème Circonscription;BAMANA;Anchya;F;1971/03/12;33;Cadre de la fonction publique;2024/07/08